"AverageShortestPathLength","BetweennessCentrality","ClosenessCentrality","ClusteringCoefficient","Degree","Eccentricity","IsSingleNode","name","NeighborhoodConnectivity","NumberOfDirectedEdges","NumberOfUndirectedEdges","PartnerOfMultiEdgedNodePairs","Radiality","selected","SelfLoops","shared name","Stress","TopologicalCoefficient"
"4.153061224489796","0.0","0.2407862407862408","1.0","2","8","false","ANXA1","8.5","0","2","0","0.8982883475971033","false","0","ANXA1","0","0.6538461538461539"
"3.9081632653061225","0.21789746826565679","0.2558746736292428","0.25","8","8","false","CXCL8","4.625","0","8","0","0.9061882817643186","false","0","CXCL8","6294","0.21428571428571427"
"3.336734693877551","0.48134511536573393","0.2996941896024465","0.1111111111111111","9","7","false","FN1","3.7777777777777777","0","9","0","0.9246214614878209","false","0","FN1","14914","0.164021164021164"
"1.0","0.0","1.0","0.0","1","1","false","APOD","1.0","0","1","0","1.0","false","0","APOD","0","0.0"
"1.0","0.0","1.0","0.0","1","1","false","APOL1","1.0","0","1","0","1.0","false","0","APOL1","0","0.0"
"4.1020408163265305","6.244237913709827E-4","0.24378109452736318","0.8523809523809524","21","9","false","ASPM","20.571428571428573","0","21","0","0.8999341672152733","false","0","ASPM","62","0.6233766233766234"
"4.091836734693878","0.0036468256829081578","0.2443890274314214","0.7835497835497836","22","9","false","DLGAP5","19.954545454545453","0","22","0","0.9002633311389071","false","0","DLGAP5","468","0.6046831955922864"
"4.061224489795919","0.004942906113219598","0.24623115577889446","0.6366666666666667","25","9","false","CCNB1","18.36","0","25","0","0.9012508229098091","false","0","CCNB1","236","0.5563636363636364"
"4.1020408163265305","0.0010619540942494864","0.24378109452736318","0.8285714285714286","21","9","false","MELK","20.142857142857142","0","21","0","0.8999341672152733","false","0","MELK","78","0.6103896103896104"
"4.13265306122449","0.001136124552913949","0.2419753086419753","0.8562091503267973","18","9","false","CDKN3","20.833333333333332","0","18","0","0.8989466754443713","false","0","CDKN3","46","0.6313131313131313"
"4.163265306122449","0.0027483211787861484","0.24019607843137253","0.7142857142857143","15","9","false","SMC4","20.133333333333333","0","15","0","0.8979591836734694","false","0","SMC4","422","0.6101010101010101"
"4.13265306122449","8.339837921154984E-4","0.2419753086419753","0.8496732026143791","18","9","false","FOXM1","21.055555555555557","0","18","0","0.8989466754443713","false","0","FOXM1","54","0.6380471380471381"
"4.112244897959184","8.511332859113207E-4","0.24317617866004962","0.8578947368421053","20","9","false","UBE2C","20.75","0","20","0","0.8996050032916393","false","0","UBE2C","56","0.6287878787878788"
"4.071428571428571","0.002538647328779877","0.2456140350877193","0.7065217391304348","24","9","false","RRM2","19.583333333333332","0","24","0","0.9009216589861752","false","0","RRM2","166","0.5934343434343434"
"4.091836734693878","0.0014110690604483998","0.2443890274314214","0.7922077922077922","22","9","false","CENPF","20.045454545454547","0","22","0","0.9002633311389071","false","0","CENPF","106","0.6074380165289256"
"4.183673469387755","5.011037306429689E-4","0.23902439024390243","0.8076923076923077","13","9","false","DTL","21.153846153846153","0","13","0","0.8973008558262014","false","0","DTL","32","0.6410256410256411"
"4.13265306122449","3.944876919840101E-5","0.2419753086419753","0.9803921568627451","18","9","false","NEK2","22.0","0","18","0","0.8989466754443713","false","0","NEK2","6","0.6666666666666666"
"4.204081632653061","5.575426046707342E-4","0.23786407766990292","0.8545454545454545","11","9","false","CKS2","21.545454545454547","0","11","0","0.8966425279789335","false","0","CKS2","18","0.6528925619834711"
"4.112244897959184","0.00100384163607391","0.24317617866004962","0.8052631578947368","20","9","false","ZWINT","20.55","0","20","0","0.8996050032916393","false","0","ZWINT","76","0.6227272727272727"
"4.1020408163265305","0.0012086730974801665","0.24378109452736318","0.8095238095238095","21","9","false","PRC1","20.714285714285715","0","21","0","0.8999341672152733","false","0","PRC1","82","0.6277056277056277"
"4.1020408163265305","6.244237913709827E-4","0.24378109452736318","0.8523809523809524","21","9","false","NUSAP1","20.571428571428573","0","21","0","0.8999341672152733","false","0","NUSAP1","62","0.6233766233766234"
"3.336734693877551","0.4535139256446852","0.2996941896024465","0.5118279569892473","31","8","false","CDK1","16.774193548387096","0","31","0","0.9246214614878209","false","0","CDK1","14306","0.4650537634408602"
"4.122448979591836","1.9015716732947953E-4","0.2425742574257426","0.935672514619883","19","9","false","CEP55","21.473684210526315","0","19","0","0.8992758393680053","false","0","CEP55","22","0.6507177033492823"
"4.112244897959184","3.6026314429428257E-4","0.24317617866004962","0.8947368421052632","20","9","false","KIF4A","21.1","0","20","0","0.8996050032916393","false","0","KIF4A","40","0.6393939393939394"
"4.051020408163265","0.005665234139355748","0.24685138539042822","0.6153846153846154","26","9","false","CDC20","18.307692307692307","0","26","0","0.9015799868334431","false","0","CDC20","270","0.5547785547785548"
"4.1020408163265305","8.734781010186017E-4","0.24378109452736318","0.8285714285714286","21","9","false","KIF20A","20.857142857142858","0","21","0","0.8999341672152733","false","0","KIF20A","72","0.6320346320346321"
"4.051020408163265","0.025381150688851085","0.24685138539042822","0.6369230769230769","26","9","false","TOP2A","18.46153846153846","0","26","0","0.9015799868334431","false","0","TOP2A","1038","0.5757211538461539"
"7.479591836734694","0.0","0.13369713506139153","1.0","2","12","false","BST2","3.5","0","2","0","0.7909809084924292","false","0","BST2","0","0.875"
"7.459183673469388","2.1039343572480537E-4","0.13406292749658003","0.6666666666666666","3","12","false","IFI6","3.0","0","3","0","0.7916392363396971","false","0","IFI6","4","0.6"
"6.5","0.07931832526825162","0.15384615384615385","0.3333333333333333","4","11","false","ISG15","2.5","0","4","0","0.8225806451612904","false","0","ISG15","3100","0.45"
"4.275510204081633","0.0","0.233890214797136","1.0","6","9","false","CDC25B","23.833333333333332","0","6","0","0.8943383805134957","false","0","CDC25B","0","0.7688172043010753"
"4.224489795918367","0.00223419309259831","0.23671497584541065","0.6666666666666666","10","9","false","GINS1","18.5","0","10","0","0.8959842001316656","false","0","GINS1","390","0.578125"
"4.244897959183674","1.942951501125286E-4","0.23557692307692307","0.7857142857142857","8","9","false","CDC7","18.125","0","8","0","0.8953258722843976","false","0","CDC7","12","0.56640625"
"4.26530612244898","1.7516847413754627E-4","0.23444976076555024","0.6666666666666666","6","9","false","CDKN2A","18.333333333333332","0","6","0","0.8946675444371297","false","0","CDKN2A","10","0.5729166666666666"
"4.173469387755102","0.0030654141426285334","0.23960880195599024","0.6373626373626373","14","9","false","MCM6","17.357142857142858","0","14","0","0.8976300197498355","false","0","MCM6","436","0.525974025974026"
"4.163265306122449","0.00399180558553586","0.24019607843137253","0.5523809523809524","15","9","false","MCM5","16.066666666666666","0","15","0","0.8979591836734694","false","0","MCM5","466","0.4868686868686869"
"4.26530612244898","1.6480819131776421E-4","0.23444976076555024","0.8","6","9","false","GMNN","18.333333333333332","0","6","0","0.8946675444371297","false","0","GMNN","6","0.5729166666666666"
"4.1938775510204085","0.003388907770351069","0.2384428223844282","0.5512820512820513","13","9","false","MCM2","15.153846153846153","0","13","0","0.8969716919025675","false","0","MCM2","430","0.4735576923076923"
"4.163265306122449","0.003172753561981418","0.24019607843137253","0.6285714285714286","15","9","false","RFC4","17.733333333333334","0","15","0","0.8979591836734694","false","0","RFC4","446","0.5373737373737374"
"3.0","0.679991584262571","0.3333333333333333","0.1","5","7","false","GJA1","9.8","0","5","0","0.9354838709677419","false","0","GJA1","25768","0.21904761904761905"
"1.0","0.0","1.0","0.0","1","1","false","CLCA2","1.0","0","1","0","1.0","false","0","CLCA2","0","0.0"
"1.0","0.0","1.0","0.0","1","1","false","CLCA4","1.0","0","1","0","1.0","false","0","CLCA4","0","0.0"
"5.5","1.7532786310400447E-4","0.18181818181818182","0.0","2","11","false","CRCT1","6.0","0","2","0","0.8548387096774194","false","0","CRCT1","4","0.5555555555555556"
"5.438775510204081","0.011581407231522947","0.18386491557223267","0.0","4","11","false","CRNN","4.75","0","4","0","0.8568136932192232","false","0","CRNN","492","0.3409090909090909"
"4.561224489795919","0.02256469598148531","0.2192393736017897","0.6071428571428571","8","10","false","SPRR1A","9.75","0","8","0","0.8851217906517446","false","0","SPRR1A","794","0.41847826086956524"
"6.408163265306122","2.279262220352058E-4","0.15605095541401276","0.0","2","12","false","KRT4","3.0","0","2","0","0.825543120473996","false","0","KRT4","6","0.6666666666666666"
"4.520408163265306","0.062424233316301495","0.22121896162528218","0.45454545454545453","11","10","false","SPRR3","8.272727272727273","0","11","0","0.8864384463462804","false","0","SPRR3","2432","0.35177865612648224"
"5.336734693877551","0.0026644825824291424","0.18738049713193117","0.3333333333333333","4","11","false","TGM3","9.0","0","4","0","0.8601053324555629","false","0","TGM3","92","0.4605263157894737"
"1.0","0.0","1.0","0.0","1","1","false","CRYAB","1.0","0","1","0","1.0","false","0","CRYAB","0","0.0"
"1.0","0.0","1.0","0.0","1","1","false","HSPB8","1.0","0","1","0","1.0","false","0","HSPB8","0","0.0"
"5.438775510204081","0.0","0.18386491557223267","1.0","2","11","false","CST6","9.5","0","2","0","0.8568136932192232","false","0","CST6","0","0.59375"
"4.479591836734694","0.05502589843006421","0.22323462414578588","0.3523809523809524","15","10","false","LOR","7.2","0","15","0","0.8877551020408163","false","0","LOR","3750","0.288"
"5.3061224489795915","3.506557262080089E-5","0.18846153846153849","0.9333333333333333","6","11","false","CSTA","11.166666666666666","0","6","0","0.8610928242264647","false","0","CSTA","2","0.5317460317460317"
"4.561224489795919","0.005445933896386233","0.2192393736017897","0.6428571428571429","8","10","false","TGM1","9.875","0","8","0","0.8851217906517446","false","0","TGM1","728","0.4114583333333333"
"4.591836734693878","0.002126977447827437","0.21777777777777776","0.8","6","10","false","PI3","11.0","0","6","0","0.8841342988808426","false","0","PI3","356","0.4782608695652174"
"4.469387755102041","0.06345591255648057","0.22374429223744294","0.4090909090909091","12","10","false","SPRR1B","7.916666666666667","0","12","0","0.8880842659644503","false","0","SPRR1B","3434","0.29012345679012347"
"4.438775510204081","0.0894627954274492","0.2252873563218391","0.3619047619047619","15","10","false","IVL","7.466666666666667","0","15","0","0.8890717577353522","false","0","IVL","6616","0.26666666666666666"
"4.795918367346939","0.0","0.20851063829787234","1.0","3","9","false","CXCL1","6.666666666666667","0","3","0","0.8775510204081632","false","0","CXCL1","0","0.6060606060606061"
"4.704081632653061","0.13703625780208992","0.21258134490238612","0.23809523809523808","7","9","false","CXCL9","3.2857142857142856","0","7","0","0.880513495720869","false","0","CXCL9","5424","0.3"
"4.040816326530612","0.086296374219791","0.2474747474747475","0.5","5","8","false","CXCL12","5.8","0","5","0","0.9019091507570771","false","0","CXCL12","3704","0.3625"
"4.938775510204081","0.0","0.20247933884297523","1.0","2","9","false","CXCL14","6.0","0","2","0","0.8729427254772877","false","0","CXCL14","0","0.75"
"4.8061224489795915","0.0","0.208067940552017","1.0","2","9","false","IL1RN","7.5","0","2","0","0.8772218564845292","false","0","IL1RN","0","0.6818181818181818"
"4.051020408163265","0.09920050494424573","0.24685138539042822","0.2","6","8","false","FOS","4.333333333333333","0","6","0","0.9015799868334431","false","0","FOS","2084","0.24509803921568626"
"4.795918367346939","0.0978329476120345","0.20851063829787234","0.3333333333333333","3","9","false","S100A12","4.666666666666667","0","3","0","0.8775510204081632","false","0","S100A12","2040","0.3939393939393939"
"5.6938775510204085","0.0","0.17562724014336917","0.0","1","10","false","IDO1","7.0","0","1","0","0.848584595128374","false","0","IDO1","0","0.0"
"5.591836734693878","0.0978329476120345","0.17883211678832114","0.0","2","10","false","UBD","5.5","0","2","0","0.8518762343647136","false","0","UBD","3860","0.5"
"1.5","0.0","0.6666666666666666","0.0","1","2","false","CYP2C18","2.0","0","1","0","0.75","false","0","CYP2C18","0","0.0"
"1.0","1.0","1.0","0.0","2","1","false","GSTA4","1.0","0","2","0","1.0","false","0","GSTA4","2","0.0"
"4.918367346938775","3.023988191250972E-4","0.2033195020746888","0.6785714285714286","8","10","false","GINS2","16.25","0","8","0","0.8736010533245556","false","0","GINS2","22","0.5241935483870968"
"3.3877551020408165","0.2074479276246581","0.29518072289156627","0.6666666666666666","4","8","false","DSC2","6.75","0","4","0","0.9229756418696511","false","0","DSC2","11088","0.39705882352941174"
"3.826530612244898","0.2965713384028132","0.26133333333333336","0.38181818181818183","11","9","false","DSG3","8.181818181818182","0","11","0","0.9088215931533904","false","0","DSG3","14754","0.3146853146853147"
"3.3877551020408165","0.2074479276246581","0.29518072289156627","0.6666666666666666","4","8","false","DSG2","6.75","0","4","0","0.9229756418696511","false","0","DSG2","11088","0.39705882352941174"
"3.9285714285714284","0.1049232063959605","0.2545454545454546","0.47619047619047616","7","9","false","PPL","9.0","0","7","0","0.9055299539170507","false","0","PPL","7146","0.42857142857142855"
"4.63265306122449","0.011245028202739121","0.2158590308370044","0.5","5","10","false","KRT14","9.4","0","5","0","0.8828176431863068","false","0","KRT14","460","0.44761904761904764"
"4.642857142857143","0.007975664492601163","0.21538461538461537","0.7","5","10","false","KRT1","9.8","0","5","0","0.8824884792626728","false","0","KRT1","702","0.49"
"4.673469387755102","0.009443659643533407","0.21397379912663758","0.5","4","10","false","KRT6B","7.5","0","4","0","0.8815009874917709","false","0","KRT6B","402","0.4166666666666667"
"5.030612244897959","0.0","0.19878296146044624","1.0","2","9","false","DUSP1","4.5","0","2","0","0.8699802501645819","false","0","DUSP1","0","0.75"
"5.020408163265306","1.0519671786240269E-4","0.1991869918699187","0.6666666666666666","3","9","false","FOSB","3.3333333333333335","0","3","0","0.8703094140882159","false","0","FOSB","2","0.5555555555555556"
"5.030612244897959","0.0","0.19878296146044624","1.0","2","9","false","EGR3","4.5","0","2","0","0.8699802501645819","false","0","EGR3","0","0.75"
"2.0","0.0","0.5","0.0","1","3","false","ENO2","3.0","0","1","0","0.6666666666666666","false","0","ENO2","0","0.0"
"1.25","0.5","0.8","0.3333333333333333","3","2","false","KRT19","2.0","0","3","0","0.9166666666666666","false","0","KRT19","6","0.5555555555555556"
"1.5","0.0","0.6666666666666666","1.0","2","2","false","EPCAM","3.0","0","2","0","0.8333333333333334","false","0","EPCAM","0","0.75"
"1.25","0.5","0.8","0.3333333333333333","3","2","false","MUC1","2.0","0","3","0","0.9166666666666666","false","0","MUC1","6","0.5555555555555556"
"4.3061224489795915","0.02040816326530612","0.23222748815165878","0.0","2","8","false","PLAT","5.0","0","2","0","0.8933508887425937","false","0","PLAT","432","0.5"
"4.295918367346939","0.02040816326530612","0.2327790973871734","0.3333333333333333","3","8","false","MMP7","4.0","0","3","0","0.8936800526662277","false","0","MMP7","432","0.4074074074074074"
"4.3061224489795915","0.0","0.23222748815165878","1.0","2","8","false","MMP12","6.0","0","2","0","0.8933508887425937","false","0","MMP12","0","0.6"
"4.326530612244898","0.0","0.2311320754716981","0.0","1","8","false","IGFBP3","9.0","0","1","0","0.8926925608953259","false","0","IGFBP3","0","0.0"
"5.020408163265306","0.02040816326530612","0.1991869918699187","0.0","2","9","false","KLF4","3.5","0","2","0","0.8703094140882159","false","0","KLF4","422","0.5"
"1.0","0.0","1.0","0.0","1","1","false","GATM","1.0","0","1","0","1.0","false","0","GATM","0","0.0"
"1.0","0.0","1.0","0.0","1","1","false","SLC6A8","1.0","0","1","0","1.0","false","0","SLC6A8","0","0.0"
"3.989795918367347","0.0","0.2506393861892583","0.0","1","8","false","TUBB2A","5.0","0","1","0","0.9035549703752469","false","0","TUBB2A","0","0.0"
"1.5","0.0","0.6666666666666666","0.0","1","2","false","GPX3","2.0","0","1","0","0.75","false","0","GPX3","0","0.0"
"5.285714285714286","0.0","0.1891891891891892","0.0","1","9","false","HBEGF","3.0","0","1","0","0.8617511520737328","false","0","HBEGF","0","0.0"
"5.040816326530612","0.0","0.19838056680161945","0.0","1","10","false","HELLS","26.0","0","1","0","0.8696510862409481","false","0","HELLS","0","0.0"
"7.459183673469388","0.02040816326530612","0.13406292749658003","0.3333333333333333","3","12","false","IFI44L","2.6666666666666665","0","3","0","0.7916392363396971","false","0","IFI44L","782","0.5833333333333334"
"8.448979591836734","0.0","0.11835748792270533","0.0","1","13","false","PLSCR1","3.0","0","1","0","0.7597103357472021","false","0","PLSCR1","0","0.0"
"5.36734693877551","5.329967038361736E-4","0.18631178707224336","0.7","5","11","false","KRT10","9.2","0","5","0","0.8591178406846609","false","0","KRT10","18","0.5411764705882353"
"5.336734693877551","0.0","0.18738049713193117","1.0","4","11","false","SPRR2D","11.5","0","4","0","0.8601053324555629","false","0","SPRR2D","0","0.575"
"5.316326530612245","0.07507839660164504","0.18809980806142035","0.1","5","11","false","KLK7","6.4","0","5","0","0.8607636603028308","false","0","KLK7","4462","0.32222222222222224"
"6.010204081632653","0.0","0.166383701188455","0.0","1","10","false","ZNF750","2.0","0","1","0","0.8383805134957208","false","0","ZNF750","0","0.0"
"6.285714285714286","0.02040816326530612","0.1590909090909091","0.0","2","12","false","KLK10","3.0","0","2","0","0.8294930875576038","false","0","KLK10","1120","0.5"
"7.275510204081633","0.0","0.13744740532959326","0.0","1","13","false","KLK11","2.0","0","1","0","0.7975641869651086","false","0","KLK11","0","0.0"
"5.438775510204081","0.004871108973780971","0.18386491557223267","0.0","2","11","false","KLK6","7.0","0","2","0","0.8568136932192232","false","0","KLK6","376","0.5454545454545454"
"6.285714285714286","4.2078687144961075E-4","0.1590909090909091","0.0","2","12","false","SPINK5","3.5","0","2","0","0.8294930875576038","false","0","SPINK5","8","0.625"
"6.3061224489795915","0.0","0.15857605177993528","0.0","1","12","false","KLK8","5.0","0","1","0","0.8288347597103357","false","0","KLK8","0","0.0"
"5.448979591836735","0.0","0.18352059925093633","1.0","3","11","false","KRT2","8.333333333333334","0","3","0","0.8564845292955892","false","0","KRT2","0","0.5555555555555556"
"5.489795918367347","0.009429883882860954","0.1821561338289963","0.0","2","11","false","KRT13","6.5","0","2","0","0.8551678736010534","false","0","KRT13","428","0.55"
"5.591836734693878","0.0","0.17883211678832114","1.0","2","11","false","KRT17","4.5","0","2","0","0.8518762343647136","false","0","KRT17","0","0.75"
"2.0","0.0","0.5","0.0","1","3","false","MUC4","3.0","0","1","0","0.6666666666666666","false","0","MUC4","0","0.0"
"5.295918367346939","0.0","0.18882466281310212","0.0","1","9","false","SERPINB2","2.0","0","1","0","0.8614219881500987","false","0","SERPINB2","0","0.0"
"5.714285714285714","0.05996212918156953","0.175","0.3333333333333333","4","10","false","S100A7","2.5","0","4","0","0.847926267281106","false","0","S100A7","1236","0.4166666666666667"
"5.744897959183674","0.0","0.17406749555950266","1.0","2","10","false","S100A9","3.5","0","2","0","0.846938775510204","false","0","S100A9","0","0.7"
"6.673469387755102","0.02040816326530612","0.14984709480122324","0.3333333333333333","3","11","false","SERPINB3","2.3333333333333335","0","3","0","0.8169848584595129","false","0","SERPINB3","416","0.5"
"6.683673469387755","0.0","0.14961832061068703","1.0","2","11","false","SERPINB4","3.5","0","2","0","0.8166556945358788","false","0","SERPINB4","0","0.7"
"7.663265306122449","0.0","0.13049267643142476","0.0","1","12","false","SERPINB13","3.0","0","1","0","0.7850559578670179","false","0","SERPINB13","0","0.0"
